<?xml version="1.0" encoding="UTF-8"?>
<portfolio>
    <home>
        <fullname>John Christian Lagumbay</fullname>
        <profilephoto>images/profile.jpg</profilephoto>
        <tagline>Hi! I'm Jaycee Anduyan</tagline>
        <location>Hinundayan, Southern Leyte</location>
        <socialmedia>
            <link platform="Facebook" url="https://www.facebook.com/BossLocosJ10" />
            <link platform="Instagram" url="https://www.instagram.com/its_jaycee_babe/?hl=en" />
        </socialmedia>
    </home>
    <projects>
        <project>
            <title>Bus Ticketing</title>
            <description>It is a simple, console system using C# language</description>
            <technologies>C#</technologies>
            <link>https://github.com/jici29/Bus-Ticketing</link>
        </project>
        <project>
            <title>Liqour Store</title>
            <description>It's an ordering system that help you for your store.</description>
            <technologies>vb.net</technologies>
            <link>https://github.com/jici29</link>
        </project>
    </projects>
    <skills>
        <technical>
            <skill>Python</skill>
            <skill>HTML</skill>
            <skill>CSS</skill>
            <skill>JavaScript</skill>
        </technical>
        <talents>
            <talent>Cooking</talent>
            <talent>Fashion</talent>
            <talent>Dancing</talent>
        </talents>
    </skills>
    <organizations>
    <organization>
            <name>Aye </name>
            <role>Member</role>
            <years>2023</years>
        </organization>
    <organization>
            <name>Axie Infinity</name>
            <role>Player</role>
            <years>2021</years>
        </organization>
    <organization>
            <name>BDC</name>
            <role>Member</role>
            <years>2015</years>
        </organization>
        <organization>
            <name>Youth Ministry</name>
            <role>Member</role>
            <years>2010</years>
        </organization>
    </organizations>
    <services>
        <service>
            <name>Web Design</name>
            <description>I offer custom web design services tailored to your needs.</description>
        </service>
        <service>
            <name>Tutoring</name>
            <description>Providing tutoring in programming and web development.</description>
        </service>
        <service>
            <name>Graphic Design</name>
            <description>Creating logos, banners, and other graphic design materials.</description>
        </service>
    </services>
    <testimonials>
        <testimonial>
            <person>Agape Jules</person>
            <relationship>Classmate</relationship>
            <message>An excellent collaborator and very talented!</message>
        </testimonial>
        <testimonial>
            <person>Ralph Pabua</person>
            <relationship>Classmate</relationship>
            <message>Highly recommend for web design projects.</message>
        </testimonial>
        <testimonial>
            <person>Christian Gabut</person>
            <relationship>Abai</relationship>
            <message>Great to work with and very professional.</message>
        </testimonial>
        <testimonial>
            <person>Andre Tagon</person>
            <relationship>Abai</relationship>
            <message>Creative and reliable.</message>
        </testimonial>
    </testimonials>
    <contact>
        <email>dyroth0110@gmail.com</email>
        <phone>09695359463</phone>
        <socialmedia>
            <link platform="Facebook" url="https://www.facebook.com/BossLocosJ10" />
            <link platform="Instagram" url="https://www.instagram.com/its_jaycee_babe/?hl=en" />
        </socialmedia>
    </contact>
</portfolio>
